,open,high,low,close,adjusted close,volume
2012-01-06,652.94,670.25,649.79,650.02,16.3008,25007400.0
2012-01-13,646.5,647.0,616.91,624.99,15.6731,33567600.0
2012-01-20,631.98,640.99,581.7,585.99,14.6951,43061800.0
2012-01-27,586.0,588.66,564.55,579.98,14.5444,36563300.0
2012-02-03,578.05,597.07,573.4,596.33,14.9544,24728600.0
2012-02-10,595.01,614.5,594.01,605.91,15.1947,24371400.0
2012-02-17,610.5,613.8385,597.73,604.64,15.1628,22029500.0
2012-02-24,603.87,617.88,600.35,609.9,15.2947,16859700.0
2012-03-02,606.59,625.7,605.06,621.25,15.5793,23195400.0
2012-03-09,620.43,622.49,593.84,600.25,15.0527,20076300.0
2012-03-16,600.0,625.908,599.26,625.04,15.6744,24649700.0
2012-03-23,623.12,648.8,621.241,642.59,16.1145,21045300.0
2012-03-30,645.0,658.589,639.54,641.24,16.0806,21179100.0
2012-04-05,640.77,647.95,628.57,632.32,15.8569,16534100.0
2012-04-13,628.48,653.14,623.54,624.6,15.6634,41517400.0
2012-04-20,623.0,623.81,595.83,596.06,14.9476,35441300.0
2012-04-27,592.9,618.0,590.2,614.98,15.4221,19334300.0
2012-05-04,612.99,616.082,596.81,596.97,14.9705,20172400.0
2012-05-11,595.0,616.9,595.0,605.23,15.1776,21250400.0
2012-05-18,600.78,637.85,596.7,600.4,15.0565,36141300.0
2012-05-25,600.51,615.694,588.28,591.53,14.834,29527400.0
2012-06-01,595.81,599.13,568.35,570.98,14.3187,21055800.0
2012-06-08,570.22,587.89,566.47,580.45,14.5562,20054300.0
2012-06-15,584.21,585.3175,556.5201,564.51,14.1564,26344500.0
2012-06-22,562.62,584.28,559.25,571.48,14.3312,22295500.0
2012-06-29,567.33,580.13,557.21,580.07,14.5467,18110600.0
2012-07-06,581.82,600.06,576.5,585.98,14.6949,14690500.0
2012-07-13,584.95,592.43,562.09,576.52,14.4576,22823500.0
2012-07-20,576.37,612.94,568.4,610.82,15.3178,31626700.0
2012-07-27,600.48,635.0,598.25,634.96,15.9232,25232500.0
2012-08-03,636.05,643.72,623.41,641.33,16.0829,19523700.0
2012-08-10,639.61,649.38,636.13,642.0,16.0997,15167200.0
2012-08-17,647.42,677.25,646.68,677.14,16.9809,26444600.0
2012-08-24,675.5,680.6,662.168,678.63,17.0183,18182100.0
2012-08-31,662.99,688.99,659.24,685.09,17.1803,22810100.0
2012-09-07,684.55,712.25,673.5,706.15,17.7084,19728700.0
2012-09-14,709.76,713.0,680.88,709.68,17.7969,24682200.0
2012-09-21,708.11,734.92,705.0,733.99,18.4066,31847600.0
2012-09-28,731.0,764.89,730.25,754.5,18.9209,43975300.0
2012-10-05,759.05,774.38,750.27,767.65,19.2507,26686200.0
2012-10-12,761.0,763.58,738.29,744.75,18.6764,23555700.0
2012-10-19,741.94,759.425,672.0,681.79,17.0975,62526800.0
2012-10-26,681.45,687.33,669.7,675.15,16.931,27613200.0
2012-11-02,679.86,695.55,675.0,687.918,17.2512,11811000.0
2012-11-09,684.5,686.86,650.3,663.03,16.6271,22301700.0
2012-11-16,663.75,669.8,636.0,647.18,16.2296,19891100.0
2012-11-23,655.7,678.0,655.53,667.97,16.751,14968000.0
2012-11-30,666.44,699.22,658.0,698.37,17.5133,27363100.0
2012-12-07,702.24,705.89,682.3301,684.21,17.1582,18837300.0
2012-12-14,685.39,716.475,683.79,701.9632,17.6034,24086300.0
2012-12-21,705.5,738.28,704.02,715.63,17.9461,26257200.0
2012-12-28,714.51,715.18,698.61,700.01,17.5544,10135100.0
2013-01-04,700.0,741.47,696.0,737.97,18.5064,19221400.0
2013-01-11,735.45,745.0,724.43,739.99,18.557,16937600.0
2013-01-18,737.0,742.2,701.33,704.51,17.6673,28477800.0
2013-01-25,704.66,758.48,695.52,753.67,18.9001,30589400.0
2013-02-01,751.76,776.6,746.54,775.6,19.45,20953900.0
2013-02-08,767.69,786.67,758.27,785.37,19.695,25673300.0
2013-02-15,778.4,793.26,773.75,792.89,19.8836,19360600.0
2013-02-22,795.99,808.97,791.22,799.71,20.0547,22489800.0
2013-03-01,802.3,808.41,784.4,806.19,20.2172,21925100.0
2013-03-08,805.3,844.0,805.0,831.52,20.8524,29285000.0
2013-03-15,831.69,839.7,813.34,814.302,20.4206,19970200.0
2013-03-22,805.0,819.25,801.47,810.31,20.3205,16715300.0
2013-03-28,812.41,819.23,793.3,794.188,19.9162,14694900.0
2013-04-05,795.01,814.83,776.4,783.05,19.6369,22914500.0
2013-04-12,778.75,793.1,768.4,790.05,19.8124,21245300.0
2013-04-19,785.95,803.44,761.2601,799.87,20.0587,30684600.0
2013-04-26,800.6,818.0,775.0,801.42,20.0975,22946300.0
2013-05-03,803.25,846.8,803.0,845.72,21.2085,21165200.0
2013-05-10,848.26,880.54,848.26,880.23,22.0739,21312200.0
2013-05-17,878.89,919.9799,873.381,909.18,22.7999,26004400.0
2013-05-24,905.0,920.6,871.01,873.32,21.9006,22753400.0
2013-05-31,883.5,892.14,864.29,871.218,21.8479,16705000.0
2013-06-07,873.0,880.0,847.22,879.73,22.0614,23385900.0
2013-06-14,882.1,891.0,865.5,875.04,21.9437,21208700.0
2013-06-21,879.23,910.84,873.07,880.93,22.0914,29137400.0
2013-06-28,871.88,884.69,863.25,880.37,22.0774,23331000.0
2013-07-05,886.45,895.41,877.27,893.49,22.4064,12717500.0
2013-07-12,899.21,923.0,897.084,923.0,23.1465,21597500.0
2013-07-19,924.3,928.0,875.61,896.598,22.4844,32853600.0
2013-07-26,902.0,913.0,882.0,885.35,22.2023,23588500.0
2013-08-02,884.9,907.0,880.87,906.57,22.7344,19327000.0
2013-08-09,905.39,909.709,885.295,890.41,22.3292,13999100.0
2013-08-16,886.9,888.5,856.54,856.908,21.489,16829500.0
2013-08-23,857.71,878.0,857.45,870.21,21.8226,13482600.0
2013-08-30,870.0,874.9,845.56,846.9,21.2381,14898000.0
2013-09-06,854.36,883.78,853.95,879.58,22.0576,13869400.0
2013-09-13,883.73,897.9,882.42,889.068,22.2955,13094100.0
2013-09-20,896.2,905.99,881.0,903.11,22.6477,20926500.0
2013-09-27,896.15,901.59,871.31,876.39,21.9776,14848700.0
2013-10-04,869.08,894.1,868.31,872.35,21.8763,16738000.0
2013-10-11,867.45,873.99,842.98,871.99,21.8673,19086200.0
2013-10-18,866.66,1015.46,865.39,1011.41,25.3635,41290600.0
2013-10-25,1011.46,1040.57,995.791,1015.2,25.4586,25219900.0
2013-11-01,1015.2,1041.52,1012.98,1027.04,25.7555,14007900.0
2013-11-08,1031.5,1032.37,1007.64,1016.03,25.4794,12394400.0
2013-11-15,1009.51,1039.75,1005.0,1033.56,25.919,12693200.0
2013-11-22,1035.75,1048.74,1020.36,1031.89,25.8771,12389300.0
2013-11-29,1037.16,1068.0,1035.02,1059.59,26.5718,12418800.0
2013-12-06,1063.51,1070.0,1049.02,1069.87,26.8296,13593000.0
2013-12-13,1070.99,1092.31,1057.88,1060.79,26.6019,17596500.0
2013-12-20,1064.0,1101.17,1059.04,1100.62,27.6007,20529700.0
2013-12-27,1107.84,1120.28,1105.12,1118.4,28.0466,10715700.0
2014-01-03,1120.34,1121.0,1104.93,1105.0,27.7105,12151800.0
2014-01-10,1113.01,1147.32,1106.44,1130.18,28.342,21563000.0
2014-01-17,1126.47,1160.63,1117.17,1150.53,28.8523,22451000.0
2014-01-24,1160.93,1167.89,1123.0,1123.83,28.1827,18766900.0
2014-01-31,1126.1,1186.54,1082.27,1180.97,29.6157,39163300.0
2014-02-07,1179.2,1181.72,1128.02,1177.44,29.5271,28687700.0
2014-02-14,1171.8,1204.39,1169.02,1202.8,30.1631,19467500.0
2014-02-21,1201.41,1212.87,1197.5,1203.79,30.1879,15535300.0
2014-02-28,1205.36,1228.88,1205.1,1215.65,30.4854,17320000.0
2014-03-07,1206.75,1226.99,1192.14,1214.79,30.4638,15166500.0
2014-03-14,1215.69,1217.64,1172.53,1172.8,29.4108,19043500.0
2014-03-21,1179.25,1211.99,1178.11,1183.04,29.6676,20945100.0
2014-03-28,1184.19,1184.9,1102.1,1120.15,28.0905,28188300.0
2014-04-04,1130.4,1144.8,544.494,545.25,27.2625,19611700.0
2014-04-11,544.79,568.21,530.53,537.76,26.888,16944900.0
2014-04-17,543.66,564.0,530.64,543.34,27.167,16735900.0
2014-04-25,544.0,547.995,522.5,523.1,26.155,11149300.0
2014-05-02,525.8,542.4,511.0,533.87,26.6935,12111600.0
2014-05-09,530.24,535.72,511.09,526.62,26.331,10850900.0
2014-05-16,531.84,543.99,523.57,528.3,26.415,8981900.0
2014-05-23,528.88,565.0,525.66,563.8,28.19,10788700.0
2014-05-30,567.78,577.66,564.15,571.65,28.5825,7050200.0
2014-06-06,569.75,570.41,548.56,566.03,28.3015,8954500.0
2014-06-13,566.75,572.0,553.72,560.35,28.0175,7042300.0
2014-06-20,557.25,566.77,547.47,566.52,28.326,11264700.0
2014-06-27,564.35,589.6,563.5,585.69,29.2845,10705400.0
2014-07-03,586.76,594.25,583.29,593.08,29.654,5216800.0
2014-07-11,593.51,595.645,572.1001,586.65,29.3325,7782500.0
2014-07-18,590.6,606.7,576.85,605.11,30.2555,12873100.0
2014-07-25,601.35,608.91,594.45,598.08,29.904,7940500.0
2014-08-01,597.75,601.098,570.3,573.6,28.68,8462600.0
2014-08-08,576.51,583.82,567.45,577.94,28.897,7142300.0
2014-08-15,579.0,589.47,569.91,583.71,29.1855,7461500.0
2014-08-22,587.1,597.81,586.55,592.54,29.627,5485700.0
2014-08-29,594.77,595.58,577.88,582.36,29.118,6743800.0
2014-09-05,582.95,598.5,582.4,597.78,29.889,6591900.0
2014-09-12,599.14,603.52,583.28,584.9,29.245,7683400.0
2014-09-19,582.24,605.4,577.01,605.4,30.27,10530600.0
2014-09-26,602.5,603.8,584.74,587.9,29.395,7891133.0
2014-10-03,581.83,591.0,574.05,586.25,29.3125,6917884.0
2014-10-10,589.95,592.4,555.01,555.19,27.7595,10435844.0
2014-10-17,555.13,560.875,518.41,522.97,26.1485,19006549.0
2014-10-24,520.45,557.4,519.14,548.9,27.445,12513965.0
2014-10-31,547.76,568.73,547.2,567.87,28.3935,9345438.0
2014-11-07,563.53,567.15,549.35,551.82,27.591,7815963.0
2014-11-14,552.4,562.5,551.62,555.19,27.7595,6434823.0
2014-11-21,555.19,555.19,539.19,545.89,27.2945,9276819.0
2014-11-28,546.57,552.5,544.15,549.08,27.454,6247717.0
2014-12-05,545.09,548.79,527.26,528.08,26.404,10396156.0
2014-12-12,529.22,539.36,521.46,521.51,26.0755,12161668.0
2014-12-19,523.76,525.37,497.19,520.04,26.002,19360087.0
2014-12-26,520.61,543.25,520.59,541.52,27.076,8047995.0
2015-01-02,540.5,543.93,527.88,529.55,26.4775,5831578.0
2015-01-09,527.15,527.9899,495.02,500.72,25.036,12864434.0
2015-01-16,499.24,510.85,490.91,510.455,25.5227,13586732.0
2015-01-23,512.77,545.41,509.37,541.95,27.0975,9763092.0
2015-01-30,541.5,543.1,503.48,537.55,26.8775,15301382.0
2015-02-06,534.32,540.215,521.72,533.875,26.6938,11622462.0
2015-02-13,531.06,552.54,527.55,551.16,27.558,10601126.0
2015-02-20,551.16,553.0,538.1,541.8,27.09,6970233.0
2015-02-27,539.0,569.42,531.0,562.63,28.1315,11226505.0
2015-03-06,567.0,583.2,563.15,572.9,28.645,10620242.0
2015-03-13,570.92,575.45,550.33,553.0,27.65,8755837.0
2015-03-20,556.93,567.1,551.32,564.95,28.2475,8502542.0
2015-03-27,566.0,581.88,556.93,557.55,27.8775,12342751.0
2015-04-02,560.25,562.45,540.44,541.31,27.0655,7319081.0
2015-04-10,538.84,551.5,535.7,548.54,27.427,7394644.0
2015-04-17,547.05,553.27,529.0,532.74,26.637,10222479.0
2015-04-24,533.75,584.7,533.35,573.66,28.683,13490329.0
2015-05-01,572.77,575.52,543.85,551.16,27.558,10134546.0
2015-05-08,550.99,556.69,532.235,548.95,27.4475,8144581.0
2015-05-15,548.49,553.3699,535.0,546.49,27.3245,7327776.0
2015-05-22,543.82,558.24,542.25,554.52,27.726,8155292.0
2015-05-29,552.58,555.76,542.97,545.32,27.266,6965546.0
2015-06-05,548.73,558.79,543.58,549.53,27.4765,7151965.0
2015-06-12,549.61,554.83,538.8506,547.47,27.3735,6950410.0
2015-06-19,542.73,557.91,539.21,557.52,27.876,9229971.0
2015-06-26,559.41,565.61,551.85,553.06,27.653,8272556.0
2015-07-02,546.75,550.9,539.54,547.34,27.367,6557466.0
2015-07-10,542.25,559.29,539.85,556.11,27.8055,8003585.0
2015-07-17,559.51,703.0,558.7,699.62,34.981,26394744.0
2015-07-24,688.98,713.33,653.18,654.77,32.7385,20999704.0
2015-07-31,651.57,668.05,651.55,657.5,32.875,10201547.0
2015-08-07,657.66,679.91,657.66,664.39,33.2195,8099542.0
2015-08-14,667.09,704.0,660.23,689.37,34.4685,13346857.0
2015-08-21,688.04,700.2,643.104,644.03,32.2015,12613039.0
2015-08-28,600.6,673.9799,593.09,659.69,32.9845,19338453.0
2015-09-04,656.26,664.41,625.06,628.96,31.448,10154769.0
2015-09-11,641.0,657.36,632.9,655.3,32.765,7140652.0
2015-09-18,655.63,681.99,649.501,660.92,33.046,10602360.0
2015-09-25,665.51,669.0,639.655,640.15,32.0075,10489374.0
2015-10-02,639.05,658.2555,617.84,656.99,32.8495,11582547.0
2015-10-09,661.6,678.8,654.49,671.24,33.562,9844668.0
2015-10-16,669.19,696.22,667.24,695.32,34.766,9194733.0
2015-10-23,694.0,752.5,670.7,719.33,35.9665,16506654.0
2015-10-30,720.02,746.79,720.02,737.39,36.8695,10183035.0
2015-11-06,737.88,766.35,731.45,761.6,38.08,9854520.0
2015-11-13,758.52,769.08,739.47,740.07,37.0035,9544630.0
2015-11-20,740.21,779.318,734.33,777.0,38.85,10466325.0
2015-11-27,777.47,782.9,758.11,771.97,38.5985,6029373.0
2015-12-04,771.87,793.0475,761.12,779.21,38.9605,10630546.0
2015-12-11,780.06,781.0,748.65,750.42,37.521,9494983.0
2015-12-18,751.26,781.59,736.26,756.85,37.8425,13049089.0
2015-12-24,763.05,771.9,754.15,765.84,38.292,5610186.0
2015-12-31,770.0,798.69,767.73,778.01,38.9005,6545076.0
2016-01-08,762.2,769.2,728.9201,730.91,36.5455,13572075.0
2016-01-15,731.95,753.0,701.51,710.49,35.5245,14083573.0
2016-01-22,720.15,748.56,687.78,745.46,37.273,11512461.0
2016-01-29,743.84,765.105,713.45,761.35,38.0675,12831131.0
2016-02-05,771.26,810.35,700.14,703.76,35.188,29648095.0
2016-02-12,687.68,723.22,682.01,706.89,35.3445,17278292.0
2016-02-19,718.65,736.0,710.18,722.11,36.1055,8739714.0
2016-02-26,729.51,736.16,702.02,724.86,36.243,9727950.0
2016-03-04,721.0,743.121,716.84,730.22,36.511,11526072.0
2016-03-11,725.15,744.9,704.0,744.87,37.2435,11586941.0
2016-03-18,744.97,765.34,742.84,755.41,37.7705,9637814.0
2016-03-24,753.91,765.39,750.5,754.84,37.742,5333140.0
2016-04-01,756.17,777.31,748.29,769.67,38.4835,8318006.0
2016-04-08,769.51,772.44,755.6,759.47,37.9735,6282625.0
2016-04-15,765.45,780.93,751.565,780.0,39.0,7664552.0
2016-04-22,780.19,790.95,730.37,737.77,36.8885,16509086.0
2016-04-29,735.35,745.59,703.2,707.88,35.394,14621808.0
2016-05-06,711.92,725.99,704.05,725.18,36.259,8794454.0
2016-05-13,726.7,740.8,723.5,724.83,36.2415,7644027.0
2016-05-20,724.32,735.85,710.305,721.71,36.0855,7693643.0
2016-05-27,719.98,747.91,716.94,747.6,37.38,7851860.0
2016-06-03,748.76,753.48,733.91,735.86,36.793,6090295.0
2016-06-10,738.5,743.93,728.29,733.19,36.6595,6742535.0
2016-06-17,729.82,739.0,701.12,704.25,35.2125,10021781.0
2016-06-24,710.31,715.87,684.91,685.2,34.26,12148335.0
2016-07-01,682.49,712.53,672.66,710.25,35.5125,10649657.0
2016-07-08,705.01,717.9,699.0,717.78,35.889,5423175.0
2016-07-15,719.42,741.0,718.865,735.63,36.7815,6479058.0
2016-07-22,737.91,760.64,736.51,759.28,37.964,6580889.0
2016-07-29,757.68,803.94,752.7503,791.34,39.567,12635220.0
2016-08-05,786.67,807.49,785.04,806.93,40.3465,9370339.0
2016-08-12,806.0,813.879,801.69,807.05,40.3525,5927365.0
2016-08-19,807.21,811.36,796.3,799.65,39.9825,5039964.0
2016-08-26,798.51,801.0,787.23,793.22,39.661,5506876.0
2016-09-02,793.05,798.52,786.33,796.87,39.8435,5665887.0
2016-09-09,798.39,810.89,788.05,788.48,39.424,6200554.0
2016-09-16,784.52,803.645,783.5,797.97,39.8985,8683624.0
2016-09-23,801.11,819.06,793.56,814.96,40.748,6719002.0
2016-09-30,809.82,813.91,800.45,804.06,40.203,7320458.0
2016-10-07,802.55,808.5,796.23,800.71,40.0355,6225546.0
2016-10-14,803.93,819.86,798.62,804.6,40.23,6606481.0
2016-10-21,805.99,829.81,803.83,824.06,41.203,7855458.0
2016-10-28,830.09,839.0,814.61,819.56,40.978,12461566.0
2016-11-04,822.43,822.63,771.0043,781.1,39.055,11095124.0
2016-11-11,794.95,816.04,765.54,771.75,38.5875,16362399.0
2016-11-18,771.76,791.29,743.59,775.97,38.7985,11770466.0
2016-11-25,778.1,793.77,772.65,780.23,39.0115,4951539.0
2016-12-02,778.35,799.74,753.36,764.46,38.223,11002387.0
2016-12-09,770.0,809.95,766.9686,809.45,40.4725,8968981.0
2016-12-16,804.82,824.3,804.5311,809.84,40.492,9925051.0
2016-12-23,809.28,816.49,804.5,807.8,40.39,5892748.0
2016-12-30,808.68,816.0,789.62,792.45,39.6225,4983989.0
2017-01-06,800.62,828.96,796.89,825.21,41.2605,6832004.0
2017-01-13,826.37,834.65,821.01,830.94,41.547,6572250.0
2017-01-20,830.0,832.9999,823.2001,828.17,41.4085,4845240.0
2017-01-27,831.61,867.0,828.7,845.03,42.2515,13053648.0
2017-02-03,837.06,837.23,812.051,820.13,41.0065,11005434.0
2017-02-10,820.92,837.15,814.29,834.85,41.7425,6929071.0
2017-02-17,837.7,846.94,835.83,846.55,42.3275,6482532.0
2017-02-24,847.99,853.79,842.5,847.81,42.3905,5218821.0
2017-03-03,844.95,858.0,841.4422,849.08,42.454,6469673.0
2017-03-10,846.86,864.229,841.17,861.405,43.0703,5800684.0
2017-03-17,860.83,874.42,860.13,872.37,43.6185,6533886.0
2017-03-24,869.48,873.47,829.1,835.14,41.757,10840277.0
2017-03-31,828.09,852.0,824.3,847.8,42.39,7302140.0
2017-04-07,848.75,860.59,837.3,842.1,42.105,7817017.0
2017-04-13,841.54,846.7372,834.6,840.18,42.009,4229983.0
2017-04-21,841.38,863.93,841.03,858.95,42.9475,5427375.0
2017-04-28,868.44,935.9,866.11,924.52,46.226,6870587.0
2017-05-05,924.15,959.14,920.8,950.28,47.514,9361706.0
2017-05-12,947.45,962.2,947.395,955.14,47.757,6853333.0
2017-05-19,955.29,965.8955,940.06,954.65,47.7325,7884601.0
2017-05-26,957.0,996.39,956.56,993.27,49.6635,7537952.0
2017-06-02,992.5,999.6,981.29,996.12,49.806,6230734.0
2017-06-09,997.89,1008.61,953.37,970.12,48.506,9490663.0
2017-06-16,958.72,979.7,936.795,958.62,47.931,12482812.0
2017-06-23,969.65,986.62,968.2,986.09,49.3045,6243485.0
2017-06-30,990.0,993.99,929.6,929.68,46.484,12014844.0
2017-07-07,933.22,944.66,915.31,940.81,47.0405,7305416.0
2017-07-14,941.95,978.7,941.95,976.91,48.8455,7012165.0
2017-07-21,976.32,998.68,970.8,993.84,49.692,7258645.0
2017-07-28,994.1,1006.19,937.06,958.33,47.9165,16494197.0
2017-08-04,960.0,961.1925,932.521,945.79,47.2895,7715400.0
2017-08-11,947.52,952.49,921.22,930.09,46.5045,8451241.0
2017-08-18,939.07,949.9,923.45,926.18,46.309,6456644.0
2017-08-25,925.77,946.31,918.6,930.5,46.525,6548687.0
2017-09-01,931.88,958.33,919.31,951.99,47.5995,5990003.0
2017-09-08,946.86,951.3854,932.68,941.41,47.0705,4930745.0
2017-09-15,947.2,952.85,931.25,935.29,46.7645,7011627.0
2017-09-22,935.01,952.8,925.4,943.26,47.163,6930224.0
2017-09-29,939.45,975.81,924.5101,973.72,48.686,9033311.0
2017-10-06,975.65,994.26,961.95,993.64,49.682,6561286.0
2017-10-13,995.0,1014.76,981.11,1007.87,50.3935,6888360.0
2017-10-20,1009.63,1016.31,997.3,1005.07,50.2535,6573849.0
2017-10-27,1005.18,1063.62,977.08,1033.67,51.6835,11375532.0
2017-11-03,1029.16,1050.66,1022.33,1049.99,52.4995,8445948.0
2017-11-10,1049.1,1062.69,1035.85,1044.15,52.2075,6080264.0
2017-11-17,1040.8,1051.76,1029.33,1035.89,51.7945,5210368.0
2017-11-24,1036.0,1060.07,1032.68,1056.52,52.826,3472831.0
2017-12-01,1058.57,1080.0,1016.9,1025.07,51.2535,10288880.0
2017-12-08,1027.8,1056.42,1002.32,1049.38,52.469,8110516.0
2017-12-15,1051.11,1075.25,1044.12,1072.0,53.6,8763796.0
2017-12-22,1076.45,1086.49,1067.64,1068.86,53.443,6271545.0
2017-12-29,1068.64,1068.86,1052.7,1053.4,52.67,4080850.0
2018-01-05,1053.02,1113.58,1053.02,1110.29,55.5145,5889084.0
2018-01-12,1111.0,1131.3,1103.98,1130.65,56.5325,6529655.0
2018-01-19,1140.31,1148.88,1123.49,1143.5,57.175,5888987.0
2018-01-26,1143.82,1187.56,1141.82,1187.56,59.378,8468699.0
2018-02-02,1188.0,1198.0,1111.17,1119.2,55.96,13544257.0
2018-02-09,1100.61,1114.99,997.0,1046.27,52.3135,17522884.0
2018-02-16,1056.67,1108.31,1045.49,1095.5,54.775,10178492.0
2018-02-23,1092.76,1136.2,1090.0,1128.09,56.4045,6291593.0
2018-03-02,1131.86,1144.25,1050.11,1084.14,54.207,11290005.0
2018-03-09,1078.13,1161.0,1072.27,1160.84,58.042,7719518.0
2018-03-16,1165.05,1178.16,1131.36,1134.42,56.721,10570899.0
2018-03-23,1117.76,1119.37,1024.87,1026.55,51.3275,13607845.0
2018-03-29,1050.6,1064.54,984.0,1037.14,51.857,13565185.0
2018-04-06,1027.62,1046.71,994.25,1009.95,50.4975,12154175.0
2018-04-13,1020.04,1052.98,1015.41,1036.04,51.802,8115960.0
2018-04-20,1045.55,1097.51,1033.92,1077.32,53.866,9890256.0
2018-04-27,1082.98,1088.0,1012.86,1031.45,51.5725,17367176.0
2018-05-04,1034.42,1051.88,1007.89,1051.0,52.55,9034426.0
2018-05-11,1053.89,1109.41,1050.27,1103.38,55.169,8725368.0
2018-05-18,1105.57,1118.15,1064.68,1069.64,53.482,8096281.0
2018-05-25,1079.0,1093.3,1066.96,1084.08,54.204,5698651.0
2018-06-01,1076.0,1138.16,1063.08,1135.0,56.75,10366549.0
2018-06-08,1138.5,1161.1,1123.23,1132.71,56.6355,8802256.0
2018-06-15,1132.94,1165.99,1131.4,1159.27,57.9635,8252467.0
2018-06-22,1152.69,1201.49,1151.0,1169.29,58.4645,10559580.0
2018-06-29,1155.0,1155.99,1106.07,1129.19,56.4595,9410202.0
2018-07-06,1115.35,1156.2,1106.6,1155.08,57.754,4504111.0
2018-07-13,1160.0,1210.44,1155.37,1204.42,60.221,7647826.0
2018-07-20,1203.81,1221.59,1182.0,1197.88,59.894,9110035.0
2018-07-27,1195.66,1291.44,1192.01,1252.89,62.6445,16380165.0
2018-08-03,1245.05,1252.89,1216.19,1238.16,61.908,8812112.0
2018-08-10,1241.61,1271.96,1230.53,1252.51,62.6255,7650541.0
2018-08-17,1251.2,1265.97,1204.0,1215.85,60.7925,7900859.0
2018-08-24,1220.66,1237.4,1208.7,1236.75,61.8375,5836098.0
2018-08-31,1244.14,1269.49,1225.75,1231.8,61.59,8262766.0
2018-09-07,1222.52,1227.87,1163.61,1177.59,58.8795,8748175.0
2018-09-14,1184.2,1190.94,1165.95,1177.98,58.899,7844644.0
2018-09-21,1177.77,1196.58,1158.46,1172.12,58.606,10642149.0
2018-09-28,1159.41,1216.86,1151.5,1207.08,60.354,8692223.0
2018-10-05,1213.0,1224.52,1154.32,1167.83,58.3915,8902796.0
2018-10-12,1160.0,1175.86,1075.89,1120.54,56.027,12796968.0
2018-10-19,1118.0,1147.0,1086.34,1105.18,55.259,9577334.0
2018-10-26,1112.51,1121.69,1042.23,1083.75,54.1875,14674089.0
2018-11-02,1096.54,1108.83,1007.2,1071.49,53.5745,14777481.0
2018-11-09,1072.53,1109.93,1034.0,1077.02,53.851,9298766.0
2018-11-16,1073.13,1078.87,1040.35,1068.27,53.4135,8568330.0
2018-11-23,1063.39,1068.0,1002.21,1030.1,51.505,7201156.0
2018-11-30,1044.0,1109.65,1039.77,1109.65,55.4825,10066358.0
2018-12-07,1132.16,1135.0,1039.37,1046.58,52.329,9663870.0
2018-12-14,1042.94,1091.73,1033.0,1051.71,52.5855,7890547.0
2018-12-21,1047.01,1075.71,981.19,991.25,49.5625,15507967.0
2018-12-28,984.32,1064.23,977.66,1046.68,52.334,8151975.0
2019-01-04,1057.83,1080.0,1022.37,1078.07,53.9035,7648284.0
2019-01-11,1080.97,1093.35,1056.43,1064.47,53.2235,8366332.0
2019-01-18,1053.34,1118.0,1048.55,1107.3,55.365,8703749.0
2019-01-25,1096.0,1103.36,1067.57,1101.51,55.0755,5861068.0
2019-02-01,1090.07,1134.4,1066.02,1118.62,55.931,7591994.0
2019-02-08,1119.01,1154.0,1093.59,1102.38,55.119,13451405.0
2019-02-15,1103.75,1142.85,1100.0,1119.63,55.9815,6525384.0
2019-02-22,1116.64,1130.93,1097.98,1116.56,55.828,5439555.0
2019-03-01,1121.93,1150.0,1106.7,1148.52,57.426,7242117.0
2019-03-08,1154.56,1176.49,1130.2,1149.97,57.4985,7648302.0
2019-03-15,1152.0,1207.12,1151.57,1190.3,59.515,8865376.0
2019-03-22,1189.69,1236.44,1181.48,1207.65,60.3825,7915665.0
2019-03-29,1199.56,1209.44,1163.43,1176.89,58.8445,7052594.0
2019-04-05,1187.54,1220.6,1186.36,1211.45,60.5725,5461755.0
2019-04-12,1211.11,1223.05,1198.38,1222.73,61.1365,4912441.0
2019-04-18,1224.09,1245.94,1214.56,1241.47,62.0735,5077147.0
2019-04-26,1236.67,1278.91,1233.37,1277.42,63.871,6646245.0
2019-05-03,1280.51,1296.97,1158.33,1189.55,59.4775,18328501.0
2019-05-10,1172.0,1195.43,1146.37,1167.64,58.382,7755156.0
2019-05-17,1145.24,1194.16,1121.4,1168.78,58.439,10299791.0
2019-05-24,1153.0,1163.78,1133.16,1138.61,56.9305,5687961.0
2019-05-31,1141.48,1156.49,1103.35,1106.5,55.325,5342964.0
2019-06-07,1066.93,1073.43,1027.03,1068.37,53.4185,13861863.0
2019-06-14,1077.0,1104.01,1069.6,1086.3,54.315,6554896.0
2019-06-21,1089.1,1126.57,1088.0,1125.37,56.2685,7790598.0
2019-06-28,1120.0,1123.57,1073.69,1082.8,54.14,7416465.0
2019-07-05,1101.04,1134.65,1095.33,1132.67,56.6335,4993764.0
2019-07-12,1125.87,1153.24,1107.15,1145.34,57.267,6898001.0
2019-07-19,1145.34,1158.58,1131.25,1131.55,56.5775,5735888.0
2019-07-26,1135.47,1268.39,1123.71,1245.22,62.261,12638085.0
2019-08-02,1242.5,1248.99,1190.0,1196.32,59.816,9014622.0
2019-08-09,1172.97,1206.28,1142.75,1188.9,59.445,8253819.0
2019-08-16,1180.0,1205.43,1161.07,1179.21,58.9605,7000886.0
2019-08-23,1191.83,1209.39,1150.0,1153.58,57.679,5622748.0
2019-08-30,1159.45,1200.35,1154.85,1190.53,59.5265,4951718.0
2019-09-06,1181.85,1214.0,1163.71,1206.32,60.316,4631018.0
2019-09-13,1207.08,1242.42,1193.17,1240.03,62.0015,6931093.0
2019-09-20,1230.44,1244.34,1216.47,1229.84,61.492,6135614.0
2019-09-27,1226.57,1248.02,1209.2,1225.95,61.2975,7282001.0
2019-10-04,1220.6,1232.86,1163.14,1210.96,60.548,6950217.0
2019-10-11,1207.0,1228.75,1189.48,1215.71,60.7855,4519358.0
2019-10-18,1213.89,1263.75,1211.88,1244.41,62.2205,5879842.0
2019-10-25,1248.7,1268.0,1239.85,1264.3,63.215,5858543.0
2019-11-01,1275.0,1299.24,1249.48,1272.25,63.6125,10139174.0
2019-11-08,1276.11,1322.65,1276.11,1309.0,65.45,7799211.0
2019-11-15,1304.0,1333.54,1292.15,1333.54,66.677,6657281.0
2019-11-22,1332.34,1333.92,1289.21,1293.67,64.6835,6605123.0
2019-11-29,1296.26,1317.64,1295.61,1304.09,65.2045,3857352.0
2019-12-06,1302.56,1342.47,1277.05,1339.39,66.9695,7454667.0
2019-12-13,1338.86,1357.55,1334.0,1346.87,67.3435,6576777.0
2019-12-20,1355.0,1364.33,1348.75,1351.22,67.561,8256670.0
2019-12-27,1358.73,1367.05,1344.17,1354.64,67.732,4015050.0
2020-01-03,1356.81,1373.75,1332.13,1361.52,68.076,4511547.0
2020-01-10,1351.63,1434.94,1351.0,1428.96,71.448,8806689.0
2020-01-17,1435.25,1480.55,1425.37,1479.52,73.976,7833938.0
2020-01-24,1479.0,1500.58,1463.18,1466.17,73.3085,6631966.0
2020-01-31,1431.54,1469.67,1419.5,1432.78,71.639,7821663.0
2020-02-07,1461.65,1486.3,1422.03,1479.11,73.9555,13530648.0
2020-02-14,1477.23,1529.88,1475.2,1518.73,75.9365,7515370.0
2020-02-21,1514.34,1530.74,1478.49,1483.46,74.173,5846578.0
2020-02-28,1423.05,1436.85,1268.21,1339.25,66.9625,14672559.0
2020-03-06,1351.39,1408.19,1257.21,1295.74,64.787,13932728.0
2020-03-13,1204.96,1275.85,1108.47,1214.27,60.7135,17634104.0
2020-03-20,1089.61,1152.61,1037.0,1068.21,53.4105,21469652.0
2020-03-27,1056.37,1171.48,1008.87,1110.26,55.513,19297309.0
2020-04-03,1132.64,1173.4,1075.08,1092.7,54.635,14188545.0
2020-04-09,1133.0,1221.99,1125.0,1206.57,60.3285,10965082.0
2020-04-17,1201.5,1290.0,1182.33,1279.0,63.95,12662413.0
2020-04-24,1269.89,1288.15,1205.0,1276.6,63.83,10144930.0
2020-05-01,1292.0,1360.15,1230.38,1317.32,65.866,16897906.0
2020-05-08,1308.13,1396.64,1296.01,1384.34,69.217,8312600.0
2020-05-15,1376.79,1415.53,1323.3,1373.06,68.653,9260350.0
2020-05-22,1361.58,1417.0,1354.2,1413.24,70.662,8813466.0
2020-05-29,1441.96,1445.11,1394.6,1433.52,71.676,7425982.0
2020-06-05,1425.7,1449.01,1406.01,1440.02,72.001,7299418.0
2020-06-12,1426.28,1472.77,1385.8,1412.92,70.646,9154151.0
2020-06-19,1389.49,1462.2,1387.2,1424.64,71.232,8975216.0
2020-06-26,1425.01,1475.79,1355.0,1362.54,68.127,11019155.0
2020-07-02,1360.34,1488.52,1351.65,1469.93,73.4965,9238766.0
2020-07-10,1488.15,1541.34,1476.98,1539.01,76.9505,9830204.0
2020-07-17,1549.94,1576.36,1485.93,1516.85,75.8425,8641939.0
2020-07-24,1515.0,1587.05,1487.59,1508.21,75.4105,7233702.0
2020-07-31,1513.26,1540.89,1454.0,1487.95,74.3975,10413995.0
2020-08-07,1491.0,1520.09,1464.03,1498.37,74.9185,8645767.0
2020-08-14,1490.8,1536.9744,1477.4901,1504.63,75.2315,5925512.0
2020-08-21,1515.97,1591.88,1505.0,1575.57,78.7785,7001858.0
2020-08-28,1592.47,1652.79,1575.04,1639.43,81.9715,7837417.0
2020-09-04,1643.57,1726.1022,1537.9701,1581.21,79.0605,10909755.0
2020-09-11,1525.0,1573.66,1493.02,1515.76,75.788,7850195.0
2020-09-18,1531.6471,1557.0,1431.62,1451.09,72.5545,9545375.0
2020-09-25,1431.62,1463.97,1402.15,1439.06,71.953,9673534.0
2020-10-02,1471.99,1495.07,1446.28,1455.6,72.78,8381871.0
2020-10-09,1462.65,1511.85,1433.23,1510.45,75.5225,7142400.0
2020-10-16,1538.0,1588.42,1529.3,1567.7,78.385,9651811.0
2020-10-23,1575.93,1634.12,1520.5,1632.98,81.649,9641795.0
2020-10-30,1615.0,1681.315,1508.48,1616.11,80.8055,13111670.0
2020-11-06,1623.54,1791.818,1612.108,1759.73,87.9865,10769230.0
2020-11-13,1795.98,1816.89,1716.12,1772.26,88.613,9227228.0
2020-11-20,1764.14,1794.34,1730.02,1736.38,86.819,5735466.0
2020-11-27,1740.22,1797.01,1710.18,1787.02,89.351,4207518.0
2020-12-04,1775.65,1843.83,1747.84,1823.76,91.188,7217695.0
2020-12-11,1815.55,1829.29,1733.527,1774.8,88.74,6063432.0
2020-12-18,1770.72,1789.8,1715.0,1726.22,86.311,9961441.0
2020-12-24,1709.13,1744.11,1694.0,1734.16,86.708,4331858.0
2020-12-31,1744.91,1788.47,1728.0,1752.64,87.632,4470716.0
2021-01-08,1760.0,1799.355,1696.1014,1797.83,89.8915,9084613.0
2021-01-15,1777.02,1784.38,1711.71,1727.62,86.381,7405602.0
2021-01-22,1743.0,1932.08,1732.83,1892.56,94.628,9860689.0
2021-01-29,1912.74,1921.82,1797.28,1827.36,91.368,13218469.0
2021-02-05,1844.585,2106.6234,1844.585,2088.83,104.4415,13938497.0
2021-02-12,2100.0,2115.0,2052.24,2095.03,104.7515,5760739.0
2021-02-19,2091.75,2145.14,2083.43,2088.81,104.4405,5562207.0
2021-02-26,2053.6,2088.32,1990.23,2021.91,101.0955,8348509.0
2021-03-05,2048.0,2106.2,1994.0,2097.07,104.8535,9391681.0
2021-03-12,2084.06,2113.74,2005.19,2050.0,102.5,7970435.0
2021-03-19,2044.975,2113.68,2002.93,2026.96,101.348,8114126.0
2021-03-26,2027.63,2067.6,1996.09,2024.73,101.2365,7542742.0
2021-04-01,2022.16,2135.75,2005.45,2129.78,106.489,6812974.0
2021-04-09,2147.15,2273.97,2145.205,2270.67,113.5335,8134694.0
2021-04-16,2254.12,2296.0,2227.82,2282.75,114.1375,6358292.0
2021-04-23,2270.18,2306.1175,2240.32,2299.93,114.9965,6451925.0
2021-04-30,2304.52,2431.38,2286.16,2353.5,117.675,12181004.0
2021-05-07,2364.91,2381.55,2256.68,2351.93,117.5965,7689265.0
2021-05-14,2328.14,2331.0,2193.62,2278.38,113.919,8834644.0
2021-05-21,2263.57,2318.89,2225.44,2294.13,114.7065,7023399.0
2021-05-28,2314.89,2389.05,2311.955,2356.85,117.8425,6627931.0
2021-06-04,2374.44,2399.03,2329.52,2393.57,119.6785,4383753.0
2021-06-11,2389.436,2441.72,2381.0,2430.2,121.51,5708292.0
2021-06-18,2432.26,2455.51,2389.4,2402.22,120.111,7097746.0
2021-06-25,2410.01,2461.91,2397.97,2450.17,122.5085,6245977.0
2021-07-02,2453.57,2508.08,2427.09,2505.15,125.2575,6011156.0
2021-07-09,2512.97,2545.68,2480.44,2510.37,125.5185,4644181.0
2021-07-16,2523.56,2586.5266,2512.215,2539.4,126.97,5265186.0
2021-07-23,2521.79,2667.9799,2470.1,2660.3,133.015,6541925.0
2021-07-30,2666.565,2765.94,2602.08,2694.53,134.7265,11795450.0
2021-08-06,2702.34,2729.45,2666.39,2714.77,135.7385,5021461.0
2021-08-13,2718.85,2757.13,2706.785,2754.55,137.7275,4210194.0
2021-08-20,2750.4979,2767.25,2685.0,2748.59,137.4295,5817410.0
2021-08-27,2759.39,2890.25,2752.15,2880.08,144.004,5648081.0
2021-09-03,2888.0,2925.075,2848.01,2874.79,143.7395,6051578.0
2021-09-10,2876.69,2894.37,2814.755,2817.52,140.876,4531928.0
2021-09-17,2838.99,2889.01,2809.395,2816.0,140.8,7437758.0
2021-09-24,2763.23,2846.605,2726.435,2844.3,142.215,7042020.0
2021-10-01,2816.0853,2838.7699,2671.12,2730.86,136.543,8594592.0
2021-10-08,2719.21,2806.6207,2621.0,2795.71,139.7855,7980273.0
2021-10-15,2785.84,2834.36,2715.2,2827.36,141.368,6807528.0
2021-10-22,2821.53,2873.25,2721.12,2751.33,137.5665,7036422.0
2021-10-29,2751.0,2973.0,2708.48,2960.92,148.046,12447768.0
2021-11-05,2960.92,3006.55,2864.51,2977.04,148.852,9126384.0
2021-11-12,2996.5,3012.295,2890.75,2973.56,148.678,5533984.0
2021-11-19,2978.01,3019.33,2944.8,2978.53,148.9265,6566907.0
2021-11-26,2986.65,2996.59,2836.85,2843.66,142.183,5318487.0
2021-12-03,2880.0,2925.95,2804.29,2840.03,142.0015,8957125.0
2021-12-10,2860.81,2982.0,2803.0,2960.03,148.0015,6743060.0
2021-12-17,2955.63,2959.4,2824.295,2834.5,141.725,9327718.0
2021-12-23,2800.0,2964.87,2786.42,2938.33,146.9165,5432677.0
2021-12-31,2945.12,2966.8799,2897.04,2897.04,144.852,4265414.0
2022-01-07,2901.1,2929.6978,2715.33,2740.34,137.017,8940232.0
2022-01-14,2701.56,2857.0,2663.29,2789.61,139.4805,7793704.0
2022-01-21,2723.5,2759.19,2601.73,2607.03,130.3515,7401130.0
2022-01-28,2519.56,2667.13,2490.0,2667.02,133.351,11958228.0
2022-02-04,2683.2399,3030.9315,2644.19,2865.86,143.293,18067215.0
2022-02-11,2885.0,2885.0,2668.0,2685.65,134.2825,11434489.0
2022-02-18,2665.13,2762.17,2603.93,2608.06,130.403,8530129.0
2022-02-25,2596.7618,2705.43,2499.065,2689.19,134.4595,8405453.0
2022-03-04,2661.0,2728.7899,2606.75,2638.13,131.9065,7196673.0
2022-03-11,2629.76,2675.91,2513.4937,2597.41,129.8705,9059664.0
2022-03-18,2605.0,2724.88,2505.5,2722.51,136.1255,8882203.0
2022-03-25,2723.27,2840.7,2681.845,2833.46,141.673,6849111.0
2022-04-01,2818.01,2875.87,2766.15,2803.01,140.1505,7635860.0
2022-04-08,2807.17,2874.24,2659.31,2665.75,133.2875,6536493.0
2022-04-14,2636.47,2641.85,2532.02,2534.6,126.73,6455949.0
2022-04-22,2540.0,2627.98,2378.5,2392.71,119.6355,8604432.0
2022-04-29,2382.02,2465.55,2254.7301,2282.19,114.1095,14826736.0
2022-05-06,2268.1,2457.09,2252.0,2314.93,115.7465,9790386.0
2022-05-13,2265.0,2357.5,2196.49,2321.01,116.0505,10355632.0
2022-05-20,2299.11,2338.0,2115.9272,2178.16,108.908,8363847.0
2022-05-27,2191.75,2246.36,2037.6936,2246.33,112.3165,11504170.0
2022-06-03,2254.93,2357.99,2241.57,2290.82,114.541,7537276.0
2022-06-10,2334.09,2386.94,2207.3224,2223.23,111.1615,7925977.0
2022-06-17,2135.73,2228.47,2100.92,2142.87,107.1435,11185892.0
2022-06-24,2178.59,2361.58,2172.0,2359.5,117.975,7385777.0
2022-07-01,2365.46,2371.59,2134.61,2174.75,108.7375,8783163.0
2022-07-08,2142.01,2393.7,2114.63,2387.07,119.3535,7800253.0
2022-07-15,2359.96,2359.96,2167.46,2235.55,111.7775,9434879.0
2022-07-22,112.64,115.4,106.5,107.9,107.9,196555759.0
2022-07-29,108.41,116.705,104.07,116.32,116.32,212580311.0
2022-08-05,115.3,118.78,113.72,117.47,117.47,115531776.0
2022-08-12,118.39,121.68,115.71,121.68,121.68,112576216.0
2022-08-19,121.13,122.43,116.76,117.21,117.21,101180201.0
2022-08-26,115.2,116.72,110.19,110.34,110.34,109264136.0
2022-09-02,109.99,110.95,107.26,107.85,107.85,129760378.0
2022-09-09,107.3,110.99,105.78,110.65,110.65,95613118.0
2022-09-16,110.99,111.62,100.94,102.8,102.8,164520213.0
2022-09-23,101.75,103.33,97.47,98.74,98.74,146652732.0
2022-09-30,98.1,100.7,95.56,95.65,95.65,153600483.0
2022-10-07,96.76,102.9254,96.521,98.68,98.68,128836461.0
2022-10-14,99.0,100.69,94.3836,96.56,96.56,126593782.0
2022-10-21,98.86,103.47,97.72,101.13,101.13,134072851.0
2022-10-26,101.8,104.82,94.69,94.93,94.93,156066834.0
